id,first_name,last_name,email,gender,ip_address
1,Franky,Atkinson,fatkinson0@gnu.org,Male,90.114.110.79
2,Gussy,Rosie,grosie1@npr.org,Female,201.247.21.9
3,Selig,Gerok,sgerok2@answers.com,Male,158.11.5.5
4,Waldemar,McGroarty,wmcgroarty3@friendfeed.com,Male,205.163.43.82
5,Mommy,Probbing,mprobbing4@fda.gov,Female,129.30.20.45
6,Angeli,Summerton,asummerton5@posterous.com,Male,36.2.182.184
7,Nap,Lavies,nlavies6@vistaprint.com,Male,71.191.213.102
8,Cordell,Gravey,cgravey7@msu.edu,Male,244.221.180.144
9,Eachelle,Kiddy,ekiddy8@china.com.cn,Female,104.228.1.37
10,Edgar,Giamo,egiamo9@arstechnica.com,Male,173.13.202.216
11,Wadsworth,Reuther,wreuthera@devhub.com,Male,110.78.199.175
12,Rex,Farrer,rfarrerb@miitbeian.gov.cn,Male,172.64.130.232
13,Cordy,Letchford,cletchfordc@plala.or.jp,Female,145.192.163.201
14,Mackenzie,Gapper,mgapperd@skype.com,Male,158.3.88.56
15,Raymond,Luckcuck,rluckcucke@fc2.com,Male,56.115.254.3
16,Darwin,Muzzillo,dmuzzillof@about.me,Male,7.221.20.250
17,Quill,Lys,qlysg@nps.gov,Male,205.125.227.182
18,Pepillo,Waslin,pwaslinh@youku.com,Male,29.81.110.52
19,Sandye,Mardy,smardyi@ted.com,Female,20.69.153.103
20,Hanni,Laugherane,hlaugheranej@tinyurl.com,Female,191.98.96.244
21,Lisle,Elven,lelvenk@plala.or.jp,Male,228.218.228.169
22,Alyda,Tew,atewl@youtube.com,Female,67.29.183.201
23,Filbert,Scholard,fscholardm@cdbaby.com,Male,91.76.1.79
24,Tedi,Peaseman,tpeasemann@mtv.com,Female,10.69.75.83
25,Ralf,Langlands,rlanglandso@cocolog-nifty.com,Male,180.27.166.88
26,Tad,Bugden,tbugdenp@time.com,Male,98.108.156.177
27,Patsy,Kinzel,pkinzelq@dyndns.org,Male,209.53.58.228
28,Arty,Goad,agoadr@edublogs.org,Male,132.24.211.2
29,Devina,Edson,dedsons@latimes.com,Female,211.142.200.153
30,Terrill,Dowdney,tdowdneyt@weather.com,Male,177.211.83.15
31,Meriel,Murdie,mmurdieu@nih.gov,Female,13.249.124.191
32,Florina,Bidnall,fbidnallv@so-net.ne.jp,Female,65.11.217.10
33,Georgette,Jack,gjackw@disqus.com,Female,172.20.3.76
34,Neron,Hamby,nhambyx@europa.eu,Male,151.36.193.252
35,Win,Dymocke,wdymockey@flickr.com,Male,26.122.17.199
36,Robinson,Swindley,rswindleyz@pagesperso-orange.fr,Male,220.48.25.80
37,Kalil,McInnes,kmcinnes10@photobucket.com,Male,184.156.54.13
38,Scarlett,Burdoun,sburdoun11@desdev.cn,Female,148.51.90.191
39,Rickert,Wilkie,rwilkie12@spotify.com,Male,156.152.230.219
40,Gretel,Krishtopaittis,gkrishtopaittis13@slashdot.org,Female,177.26.153.191
41,Taddeusz,Camis,tcamis14@seesaa.net,Male,194.80.188.138
42,Veronika,Wrigglesworth,vwrigglesworth15@sitemeter.com,Female,240.124.88.67
43,Bernadene,Sidwick,bsidwick16@reference.com,Female,141.6.139.23
44,Camella,O' Loughran,coloughran17@etsy.com,Female,156.199.255.85
45,Melba,Shallcrass,mshallcrass18@biglobe.ne.jp,Female,76.87.71.104
46,Sarina,Barbour,sbarbour19@go.com,Female,26.35.196.16
47,Phelia,Huertas,phuertas1a@businessweek.com,Female,212.72.49.108
48,Gates,Juris,gjuris1b@nsw.gov.au,Female,237.20.93.202
49,Oralie,Watting,owatting1c@oaic.gov.au,Female,139.141.180.17
50,Josias,Kibel,jkibel1d@adobe.com,Male,248.250.211.172
51,Caresa,Appleyard,cappleyard1e@nifty.com,Female,35.151.162.46
52,Bastien,Dempsey,bdempsey1f@weibo.com,Male,120.157.18.170
53,Karola,Dupree,kdupree1g@tripadvisor.com,Female,82.218.27.143
54,Taddeusz,Hubeaux,thubeaux1h@ovh.net,Male,170.13.68.115
55,Nyssa,Burel,nburel1i@nba.com,Female,93.47.6.200
56,Katerine,Fenck,kfenck1j@amazon.de,Female,184.211.217.191
57,Penelopa,Syrett,psyrett1k@xing.com,Female,79.35.137.143
58,Padraig,Colliar,pcolliar1l@wix.com,Male,215.151.22.107
59,Lewiss,Hobbing,lhobbing1m@paypal.com,Male,151.19.66.237
60,Patrizius,Croyden,pcroyden1n@livejournal.com,Male,247.130.58.84
61,Herman,Langston,hlangston1o@nba.com,Male,245.197.30.198
62,Eldredge,Greenalf,egreenalf1p@tinyurl.com,Male,59.241.2.129
63,Mella,Baddiley,mbaddiley1q@ifeng.com,Female,185.122.43.244
64,Hollyanne,Sandes,hsandes1r@plala.or.jp,Female,53.134.149.228
65,Lela,Shemwell,lshemwell1s@yahoo.com,Female,126.68.217.136
66,Veda,Garnall,vgarnall1t@tamu.edu,Female,5.6.6.252
67,Gill,Hansard,ghansard1u@goo.ne.jp,Female,163.246.74.15
68,Willie,Beller,wbeller1v@auda.org.au,Male,220.33.184.14
69,Melinde,Call,mcall1w@infoseek.co.jp,Female,116.136.134.214
70,Athena,Woolham,awoolham1x@oracle.com,Female,202.180.107.143
71,Mirella,Ingarfield,mingarfield1y@cloudflare.com,Female,45.108.252.81
72,Jammal,Levene,jlevene1z@google.pl,Male,5.118.84.191
73,Jammal,Billingham,jbillingham20@harvard.edu,Male,75.207.174.31
74,Conn,Grimstead,cgrimstead21@stanford.edu,Male,233.192.56.40
75,Thane,Trickey,ttrickey22@webmd.com,Male,11.222.100.147
76,Luce,Mc Pake,lmcpake23@ezinearticles.com,Male,54.106.36.146
77,Sylvester,Brea,sbrea24@reddit.com,Male,145.136.225.145
78,Melicent,Couves,mcouves25@google.cn,Female,241.66.31.223
79,Salvatore,Luce,sluce26@w3.org,Male,88.8.46.66
80,Thayne,Lynch,tlynch27@xinhuanet.com,Male,85.217.90.6
81,Galven,Newband,gnewband28@go.com,Male,97.178.171.32
82,Parker,O'Noland,ponoland29@samsung.com,Male,111.28.34.96
83,Jillane,Hugland,jhugland2a@paypal.com,Female,103.108.39.178
84,Say,Kimmings,skimmings2b@mozilla.com,Male,166.217.254.29
85,Amalia,Heinzel,aheinzel2c@wikia.com,Female,176.237.238.96
86,Nadeen,Stanfield,nstanfield2d@cam.ac.uk,Female,242.250.139.248
87,Virgil,Birrell,vbirrell2e@last.fm,Male,36.55.219.34
88,Stearne,Roch,sroch2f@privacy.gov.au,Male,163.73.223.151
89,Katy,Rosenfarb,krosenfarb2g@redcross.org,Female,224.245.125.22
90,Helen,Abbado,habbado2h@t-online.de,Female,53.189.18.124
91,Cameron,Patershall,cpatershall2i@economist.com,Male,69.0.184.90
92,Melli,Allsworth,mallsworth2j@discovery.com,Female,136.219.10.125
93,Gloriana,Van Saltsberg,gvansaltsberg2k@dmoz.org,Female,151.238.38.124
94,Adrian,Kensley,akensley2l@wunderground.com,Female,252.81.139.120
95,Shea,Deason,sdeason2m@yolasite.com,Male,59.76.1.223
96,Marj,Ridler,mridler2n@cbslocal.com,Female,76.2.171.219
97,Murvyn,Towner,mtowner2o@adobe.com,Male,32.99.144.164
98,Cori,Aslett,caslett2p@sfgate.com,Female,249.158.176.136
99,Hurlee,Aitchison,haitchison2q@redcross.org,Male,247.146.192.125
100,Casandra,Izatson,cizatson2r@dagondesign.com,Female,140.211.226.51
101,Maisie,Nanni,mnanni2s@fc2.com,Female,162.227.219.188
102,Waneta,Wesgate,wwesgate2t@bluehost.com,Female,73.84.218.234
103,Ira,Cota,icota2u@cnn.com,Male,247.145.161.107
104,Lowrance,Casel,lcasel2v@shop-pro.jp,Male,20.16.163.112
105,Dacia,Hastin,dhastin2w@theatlantic.com,Female,9.134.154.98
106,Netty,Blakey,nblakey2x@forbes.com,Female,143.235.89.55
107,Celestina,Playfair,cplayfair2y@uiuc.edu,Female,239.228.221.12
108,Maurizia,Vail,mvail2z@etsy.com,Female,64.81.250.154
109,Rafi,Gitting,rgitting30@google.co.uk,Male,121.39.66.18
110,Griz,Kliesl,gkliesl31@gizmodo.com,Male,205.77.95.252
111,Judon,Rain,jrain32@nba.com,Male,240.28.82.192
112,Brien,Aynscombe,baynscombe33@yahoo.com,Male,134.67.12.13
113,Hammad,Loweth,hloweth34@4shared.com,Male,145.213.68.221
114,Tyne,Scholefield,tscholefield35@google.co.jp,Female,222.31.233.239
115,Steffane,Coleborn,scoleborn36@walmart.com,Female,216.12.119.192
116,Wallis,Danielian,wdanielian37@gmpg.org,Male,203.160.180.40
117,Kandy,Ovanesian,kovanesian38@youtu.be,Female,234.222.208.124
118,Winfield,Harbord,wharbord39@icio.us,Male,160.188.235.177
119,Yvor,Hasnney,yhasnney3a@blogspot.com,Male,147.34.216.4
120,Luis,Huggard,lhuggard3b@xing.com,Male,23.160.3.49
121,Ronalda,Tebald,rtebald3c@bloomberg.com,Female,89.61.148.146
122,Cointon,Gobolos,cgobolos3d@livejournal.com,Male,157.212.143.100
123,Joli,Folkes,jfolkes3e@i2i.jp,Female,235.197.249.45
124,Karina,Cantor,kcantor3f@usa.gov,Female,241.162.49.22
125,Kennett,Geraldo,kgeraldo3g@typepad.com,Male,160.48.38.70
126,Vilma,Robelin,vrobelin3h@springer.com,Female,244.161.110.163
127,Griffith,Annell,gannell3i@linkedin.com,Male,205.174.10.76
128,Yanaton,Gillmor,ygillmor3j@merriam-webster.com,Male,118.147.147.216
129,Leontine,Killgus,lkillgus3k@yolasite.com,Female,141.28.148.108
130,Tedra,Towson,ttowson3l@apache.org,Female,145.208.91.226
131,Kelila,Jonuzi,kjonuzi3m@epa.gov,Female,191.67.204.135
132,Jeno,Drought,jdrought3n@diigo.com,Male,70.41.135.29
133,Forster,Grimsditch,fgrimsditch3o@telegraph.co.uk,Male,22.106.121.252
134,Cherey,Dailey,cdailey3p@jiathis.com,Female,183.214.153.13
135,Worden,Tordoff,wtordoff3q@berkeley.edu,Male,141.75.220.129
136,Caralie,MacKeever,cmackeever3r@stumbleupon.com,Female,238.246.62.50
137,Kiley,Didsbury,kdidsbury3s@theatlantic.com,Female,234.190.206.64
138,Orrin,Cohrs,ocohrs3t@apache.org,Male,215.114.168.21
139,Jodi,Wison,jwison3u@omniture.com,Female,57.50.189.170
140,Edward,Ballach,eballach3v@mozilla.org,Male,223.27.49.1
141,Norah,McCheyne,nmccheyne3w@examiner.com,Female,223.193.142.54
142,Warner,Enderwick,wenderwick3x@trellian.com,Male,80.64.85.79
143,Ky,Harral,kharral3y@macromedia.com,Male,187.152.172.136
144,Tybalt,Overland,toverland3z@amazon.co.jp,Male,249.30.118.239
145,Lorraine,Varey,lvarey40@ehow.com,Female,150.65.231.228
146,Faun,Reboul,freboul41@dedecms.com,Female,250.51.232.148
147,Perice,Quene,pquene42@phoca.cz,Male,162.4.27.33
148,Elia,Sore,esore43@cbc.ca,Male,23.138.194.204
149,Manny,Pargetter,mpargetter44@jigsy.com,Male,110.225.6.27
150,Kristina,Patrickson,kpatrickson45@ca.gov,Female,104.124.2.165
151,Orv,Kaiser,okaiser46@earthlink.net,Male,184.241.215.216
152,Erik,Knightly,eknightly47@blogspot.com,Male,7.177.76.8
153,Fina,Royal,froyal48@4shared.com,Female,118.195.66.78
154,Therine,Cottell,tcottell49@mozilla.org,Female,215.97.156.232
155,Robb,Longhorne,rlonghorne4a@dailymail.co.uk,Male,242.48.10.158
156,Emyle,Gerardot,egerardot4b@forbes.com,Female,105.38.91.57
157,Windham,Whitby,wwhitby4c@opensource.org,Male,174.153.180.131
158,Aaron,Gildersleaves,agildersleaves4d@wp.com,Male,41.74.108.79
159,Ruperta,Cuddehy,rcuddehy4e@addthis.com,Female,45.176.80.228
160,Guendolen,Carl,gcarl4f@ucoz.com,Female,82.227.13.5
161,Illa,Nollet,inollet4g@dailymail.co.uk,Female,126.130.198.92
162,Rosalia,Bumphrey,rbumphrey4h@samsung.com,Female,72.242.73.190
163,Albina,Ellerey,aellerey4i@google.es,Female,77.152.55.74
164,Grover,Glencrash,gglencrash4j@histats.com,Male,136.57.243.139
165,Brewer,Hardwidge,bhardwidge4k@gravatar.com,Male,147.102.61.18
166,Emelyne,Kaminski,ekaminski4l@guardian.co.uk,Female,45.192.205.119
167,Wanids,Degoey,wdegoey4m@sina.com.cn,Female,75.28.125.246
168,Reynold,Lessmare,rlessmare4n@pinterest.com,Male,195.217.115.171
169,Tyrus,Hoggetts,thoggetts4o@edublogs.org,Male,192.125.34.131
170,Garland,Cavilla,gcavilla4p@mashable.com,Female,238.119.157.245
171,Kaela,Spavins,kspavins4q@nbcnews.com,Female,136.28.155.158
172,Phip,Sheepy,psheepy4r@ask.com,Male,242.219.129.7
173,Ronna,Clearie,rclearie4s@hao123.com,Female,48.21.203.182
174,Luce,Buston,lbuston4t@guardian.co.uk,Male,231.170.219.57
175,Sigrid,Bollans,sbollans4u@webnode.com,Female,132.146.189.202
176,Boote,Pimblott,bpimblott4v@1688.com,Male,105.150.109.161
177,Robby,Tarbet,rtarbet4w@va.gov,Male,113.226.38.216
178,Brendis,Pickrell,bpickrell4x@lulu.com,Male,174.249.121.244
179,Roley,Linkie,rlinkie4y@privacy.gov.au,Male,6.215.81.179
180,Brennen,Squier,bsquier4z@naver.com,Male,27.13.28.87
181,Clyde,Thowless,cthowless50@boston.com,Male,97.112.235.33
182,Fields,Hymor,fhymor51@surveymonkey.com,Male,52.196.40.39
183,Valma,Lettington,vlettington52@abc.net.au,Female,222.255.38.43
184,Nicolai,Glackin,nglackin53@cdbaby.com,Male,235.102.76.84
185,Steffane,Tort,stort54@netvibes.com,Female,112.51.26.90
186,Rocky,Turville,rturville55@bizjournals.com,Male,122.60.255.86
187,Web,Cuttelar,wcuttelar56@ovh.net,Male,169.167.44.8
188,Malory,Kitchenham,mkitchenham57@theglobeandmail.com,Female,92.63.148.213
189,Annissa,Widdowes,awiddowes58@huffingtonpost.com,Female,165.200.210.53
190,Skipp,Trighton,strighton59@people.com.cn,Male,218.176.253.49
191,Arnold,Eldridge,aeldridge5a@google.pl,Male,100.115.126.112
192,Rolph,Bourdis,rbourdis5b@issuu.com,Male,19.223.154.234
193,Ricki,Ormond,rormond5c@comsenz.com,Female,112.42.15.155
194,Miner,Streeter,mstreeter5d@freewebs.com,Male,5.51.232.52
195,Rinaldo,Gerlts,rgerlts5e@t.co,Male,88.81.1.88
196,Esdras,Sudddard,esudddard5f@instagram.com,Male,31.20.18.2
197,Minna,Merrell,mmerrell5g@prweb.com,Female,204.120.177.140
198,Emelen,Verdun,everdun5h@latimes.com,Male,76.69.45.48
199,Mallory,Pawelke,mpawelke5i@go.com,Female,198.229.69.253
200,Zoe,Polet,zpolet5j@biglobe.ne.jp,Female,116.5.128.89
201,Kelley,Otham,kotham5k@google.es,Male,123.152.247.185
202,Prescott,Ashness,pashness5l@so-net.ne.jp,Male,7.47.36.105
203,Godfry,Cettell,gcettell5m@hubpages.com,Male,152.80.154.98
204,Jamie,Cestard,jcestard5n@comcast.net,Male,195.35.42.132
205,Sophie,Falcus,sfalcus5o@zimbio.com,Female,74.94.178.71
206,Fanechka,Meuse,fmeuse5p@t-online.de,Female,109.227.159.69
207,Farrand,Tremmil,ftremmil5q@behance.net,Female,174.5.138.183
208,Jenn,O'Fairy,jofairy5r@amazonaws.com,Female,185.72.54.82
209,Irwinn,Kilbride,ikilbride5s@mlb.com,Male,138.114.5.29
210,Sander,Dotterill,sdotterill5t@intel.com,Male,27.207.211.209
211,Jaquith,Arnao,jarnao5u@europa.eu,Female,88.205.101.178
212,Wilmer,Whilder,wwhilder5v@fda.gov,Male,175.157.229.212
213,Etan,Barti,ebarti5w@myspace.com,Male,219.11.247.203
214,Cherin,Penley,cpenley5x@dion.ne.jp,Female,163.22.253.125
215,Magdalena,Smallshaw,msmallshaw5y@seattletimes.com,Female,149.123.94.31
216,Cacilia,Bausmann,cbausmann5z@clickbank.net,Female,106.167.180.203
217,Jeanie,Balint,jbalint60@surveymonkey.com,Female,111.232.46.182
218,Nikkie,Patkin,npatkin61@elegantthemes.com,Female,54.179.163.186
219,Piggy,Whatsize,pwhatsize62@arizona.edu,Male,158.36.26.30
220,Magda,Biddles,mbiddles63@gizmodo.com,Female,140.218.179.80
221,Bevan,Briskey,bbriskey64@earthlink.net,Male,46.231.153.166
222,Malchy,Ambler,mambler65@usnews.com,Male,113.145.245.232
223,Mike,Lambrook,mlambrook66@360.cn,Male,16.125.93.21
224,Saunderson,Fowlds,sfowlds67@uiuc.edu,Male,26.126.174.92
225,Howey,Remirez,hremirez68@cdbaby.com,Male,234.219.14.123
226,Nichols,Ranklin,nranklin69@soup.io,Male,38.204.246.36
227,Neron,Curtayne,ncurtayne6a@spiegel.de,Male,247.59.194.98
228,Mack,Dovey,mdovey6b@washington.edu,Male,194.115.171.186
229,Baron,Wemes,bwemes6c@com.com,Male,109.243.77.31
230,Anni,Decroix,adecroix6d@google.pl,Female,235.52.241.85
231,Biddy,Normington,bnormington6e@usgs.gov,Female,61.172.36.72
232,Shelley,Kopje,skopje6f@newyorker.com,Female,165.219.239.228
233,Jessalyn,Gillino,jgillino6g@mlb.com,Female,41.254.203.239
234,Chiquita,Doudney,cdoudney6h@auda.org.au,Female,230.40.167.197
235,Kristoffer,Parysowna,kparysowna6i@ow.ly,Male,62.16.83.168
236,Shay,Amy,samy6j@bbc.co.uk,Female,152.97.133.191
237,Jenine,Etheridge,jetheridge6k@mashable.com,Female,104.178.252.224
238,Addison,Anfosso,aanfosso6l@senate.gov,Male,31.124.77.82
239,Galina,Christian,gchristian6m@delicious.com,Female,145.101.152.213
240,Lorry,Benninck,lbenninck6n@amazon.de,Male,188.171.195.71
241,Stephi,Jorio,sjorio6o@icio.us,Female,136.43.50.202
242,Eloisa,Seton,eseton6p@sbwire.com,Female,31.4.182.32
243,Urban,Tommasi,utommasi6q@facebook.com,Male,17.31.97.82
244,Boniface,Tytcomb,btytcomb6r@hp.com,Male,164.227.98.1
245,Layla,Crossfeld,lcrossfeld6s@google.cn,Female,154.177.86.175
246,Dael,Antoniou,dantoniou6t@simplemachines.org,Male,232.64.39.121
247,Mitchel,Sangar,msangar6u@meetup.com,Male,5.146.76.78
248,Garrik,Soppeth,gsoppeth6v@merriam-webster.com,Male,87.98.3.244
249,Rochell,Hooks,rhooks6w@devhub.com,Female,75.73.108.143
250,Marion,Martini,mmartini6x@auda.org.au,Female,20.111.46.212
251,Briggs,Crickmoor,bcrickmoor6y@webmd.com,Male,74.144.120.75
252,Stuart,Breese,sbreese6z@bing.com,Male,254.84.149.115
253,Shane,MacFie,smacfie70@theatlantic.com,Male,2.29.102.144
254,Maurita,Garvie,mgarvie71@princeton.edu,Female,17.201.240.102
255,Micheal,Gowdie,mgowdie72@go.com,Male,198.45.45.21
256,Octavius,Palfreyman,opalfreyman73@cargocollective.com,Male,167.62.145.77
257,Antonia,Frunks,afrunks74@storify.com,Female,214.223.12.128
258,Sayres,Jatczak,sjatczak75@forbes.com,Male,20.235.253.151
259,Stevena,Bunkle,sbunkle76@ocn.ne.jp,Female,139.106.244.106
260,Minerva,Lapish,mlapish77@devhub.com,Female,152.136.0.160
261,Jack,Joselin,jjoselin78@mashable.com,Male,187.203.212.95
262,Myrlene,Penketh,mpenketh79@apple.com,Female,51.156.84.70
263,Renado,Jennaroy,rjennaroy7a@oaic.gov.au,Male,214.87.140.96
264,Base,Frediani,bfrediani7b@woothemes.com,Male,239.159.38.44
265,Teddie,Winwood,twinwood7c@baidu.com,Female,224.219.105.14
266,Hugibert,Cerman,hcerman7d@dmoz.org,Male,130.255.18.181
267,Clarke,Freen,cfreen7e@jalbum.net,Male,21.89.176.234
268,Catie,Minocchi,cminocchi7f@ihg.com,Female,182.67.69.143
269,Maye,Augar,maugar7g@microsoft.com,Female,198.90.77.253
270,Jammal,Bairstow,jbairstow7h@vk.com,Male,152.218.42.96
271,Trip,Aberdalgy,taberdalgy7i@alexa.com,Male,164.66.70.232
272,Berti,Wellan,bwellan7j@sourceforge.net,Female,127.46.190.239
273,Hadrian,Upcott,hupcott7k@bloglovin.com,Male,185.38.150.147
274,Freeland,Ballin,fballin7l@sina.com.cn,Male,66.75.205.108
275,Ruggiero,Permain,rpermain7m@japanpost.jp,Male,236.225.50.27
276,Hamnet,Yorke,hyorke7n@hao123.com,Male,35.199.208.175
277,Humfried,Ruspine,hruspine7o@ehow.com,Male,74.233.39.137
278,Emera,Helliwell,ehelliwell7p@newsvine.com,Female,182.62.177.139
279,Genvieve,Chowne,gchowne7q@epa.gov,Female,2.89.230.132
280,Moise,Ingamells,mingamells7r@wikispaces.com,Male,110.251.97.70
281,Burty,Shoveller,bshoveller7s@trellian.com,Male,51.47.162.225
282,Townie,Spelman,tspelman7t@bing.com,Male,134.79.40.68
283,Pinchas,Oakenfull,poakenfull7u@msu.edu,Male,126.6.67.107
284,Daryl,Lennard,dlennard7v@constantcontact.com,Male,77.50.68.85
285,Yanaton,Ronchka,yronchka7w@reference.com,Male,91.99.120.132
286,Kleon,Walton,kwalton7x@yelp.com,Male,167.192.109.138
287,Manolo,Andreotti,mandreotti7y@house.gov,Male,85.116.23.160
288,Abie,Geldard,ageldard7z@umn.edu,Male,10.113.181.8
289,Madalena,Benmore,mbenmore80@friendfeed.com,Female,222.122.2.253
290,Marget,Flanaghan,mflanaghan81@edublogs.org,Female,135.242.14.205
291,Heindrick,Lindley,hlindley82@people.com.cn,Male,9.44.169.248
292,Kristien,Norvill,knorvill83@si.edu,Female,187.186.107.155
293,Tracie,Vella,tvella84@apache.org,Female,5.115.13.46
294,Torr,Blasi,tblasi85@hao123.com,Male,59.195.39.225
295,Mickie,Chellam,mchellam86@livejournal.com,Male,165.196.63.233
296,Rosella,Mogg,rmogg87@bigcartel.com,Female,216.2.151.184
297,Trista,Hutchens,thutchens88@rakuten.co.jp,Female,106.223.91.21
298,Bryan,Minshull,bminshull89@bigcartel.com,Male,218.71.111.171
299,Reinaldo,Angood,rangood8a@go.com,Male,122.164.214.52
300,Gaylord,Nickolls,gnickolls8b@cornell.edu,Male,125.183.241.70
301,Massimo,Hriinchenko,mhriinchenko8c@exblog.jp,Male,44.120.48.29
302,Matthew,Whitebread,mwhitebread8d@nba.com,Male,105.153.33.16
303,Sauveur,Tuerena,stuerena8e@newsvine.com,Male,119.239.7.108
304,Vic,O'Sheilds,vosheilds8f@umich.edu,Male,9.143.156.171
305,Edlin,Davio,edavio8g@house.gov,Male,204.203.141.7
306,Levi,Swancott,lswancott8h@usgs.gov,Male,111.177.59.129
307,Haley,Burger,hburger8i@google.co.uk,Male,13.77.81.116
308,Vidovik,Konzelmann,vkonzelmann8j@1688.com,Male,150.106.239.103
309,Ernesto,Moynihan,emoynihan8k@sakura.ne.jp,Male,67.12.68.165
310,Kirsten,Brearty,kbrearty8l@1und1.de,Female,189.186.129.135
311,Rakel,Widdop,rwiddop8m@jugem.jp,Female,97.234.148.30
312,Augie,Dupey,adupey8n@merriam-webster.com,Male,117.135.123.45
313,Brinn,Luckhurst,bluckhurst8o@ca.gov,Female,100.151.74.83
314,Dewey,Linfitt,dlinfitt8p@europa.eu,Male,184.135.121.51
315,Winfield,Offill,woffill8q@youtube.com,Male,217.32.65.132
316,Joycelin,Gainsford,jgainsford8r@icio.us,Female,8.251.52.150
317,Ferrell,Corfield,fcorfield8s@chicagotribune.com,Male,118.136.199.121
318,Codee,Phython,cphython8t@icq.com,Female,174.136.220.105
319,Hatty,Covolini,hcovolini8u@shinystat.com,Female,17.63.218.91
320,Carly,Paunton,cpaunton8v@netscape.com,Female,197.216.112.87
321,Frederich,Clousley,fclousley8w@miitbeian.gov.cn,Male,206.59.191.154
322,Harbert,Stacey,hstacey8x@nifty.com,Male,55.109.36.65
323,Georgiana,Bestiman,gbestiman8y@ucoz.com,Female,101.58.166.71
324,Tamara,O'Lagen,tolagen8z@nih.gov,Female,189.182.62.41
325,West,Sadry,wsadry90@discuz.net,Male,233.25.8.144
326,Nikolaus,Prestage,nprestage91@vinaora.com,Male,36.144.22.227
327,Bobinette,Josey,bjosey92@t-online.de,Female,232.145.144.72
328,Leroi,Kitteringham,lkitteringham93@ca.gov,Male,140.18.6.19
329,Norrie,McIlwrath,nmcilwrath94@ted.com,Female,69.253.15.37
330,Margaretta,Siccombe,msiccombe95@twitpic.com,Female,137.217.67.152
331,Eugenie,Silverthorne,esilverthorne96@hubpages.com,Female,131.113.164.156
332,Lottie,Oakenfull,loakenfull97@is.gd,Female,2.40.111.96
333,Gayleen,Whayman,gwhayman98@xinhuanet.com,Female,181.48.155.112
334,Licha,Elvey,lelvey99@slashdot.org,Female,75.113.8.23
335,Fletch,Osichev,fosichev9a@nbcnews.com,Male,220.41.63.137
336,Adan,Shelborne,ashelborne9b@lycos.com,Female,10.146.145.92
337,Anastasie,Stiebler,astiebler9c@godaddy.com,Female,104.107.8.173
338,Felice,Caldroni,fcaldroni9d@smugmug.com,Female,79.46.49.185
339,Nicoli,Wooder,nwooder9e@skype.com,Female,244.7.156.73
340,Federico,Bartelli,fbartelli9f@scientificamerican.com,Male,16.145.49.36
341,Stacy,McCarlie,smccarlie9g@bandcamp.com,Male,118.9.40.58
342,Cchaddie,Pagen,cpagen9h@ox.ac.uk,Male,173.188.90.68
343,Lorilee,Cant,lcant9i@xinhuanet.com,Female,23.119.8.80
344,Alvera,Andrioletti,aandrioletti9j@ucoz.com,Female,164.220.218.70
345,Terrye,Pinkstone,tpinkstone9k@goodreads.com,Female,101.159.225.86
346,Selle,Fronks,sfronks9l@ifeng.com,Female,200.53.237.84
347,Merl,Ogden,mogden9m@google.it,Female,205.182.51.137
348,Helga,Hillen,hhillen9n@vk.com,Female,230.157.92.102
349,Ron,MacNockater,rmacnockater9o@aol.com,Male,254.13.144.95
350,Sioux,Breckin,sbreckin9p@uiuc.edu,Female,205.47.224.6
351,Leonie,O' Scallan,loscallan9q@indiatimes.com,Female,185.19.155.27
352,Douglass,Hatto,dhatto9r@loc.gov,Male,146.146.10.157
353,Suzy,Claydon,sclaydon9s@bluehost.com,Female,163.188.128.245
354,Luce,Sotheby,lsotheby9t@elpais.com,Female,167.157.102.72
355,Zenia,Ashby,zashby9u@barnesandnoble.com,Female,254.18.56.92
356,Daniele,Simmins,dsimmins9v@weibo.com,Female,162.231.215.126
357,Holmes,Dilleston,hdilleston9w@bing.com,Male,57.116.159.78
358,Melicent,Yapp,myapp9x@ustream.tv,Female,134.123.204.181
359,Westbrook,Crickmoor,wcrickmoor9y@amazon.com,Male,15.189.247.83
360,Rod,Bloxland,rbloxland9z@freewebs.com,Male,162.198.94.66
361,Conrade,D'Hooge,cdhoogea0@multiply.com,Male,234.153.32.110
362,Markus,Seers,mseersa1@people.com.cn,Male,158.31.229.105
363,Ana,Barens,abarensa2@seattletimes.com,Female,160.59.210.235
364,Melita,Taunton.,mtauntona3@php.net,Female,131.136.34.236
365,Elnar,Glossup,eglossupa4@comsenz.com,Male,25.40.104.214
366,Gunar,Tidey,gtideya5@arstechnica.com,Male,165.122.174.56
367,Iain,Sander,isandera6@mit.edu,Male,64.15.96.85
368,Harley,Slayton,hslaytona7@yellowbook.com,Female,207.245.66.75
369,Hal,Risbie,hrisbiea8@nydailynews.com,Male,127.131.170.41
370,Fletcher,Sanpere,fsanperea9@slideshare.net,Male,227.72.9.29
371,Twyla,Stockley,tstockleyaa@state.gov,Female,5.167.229.219
372,Marcus,Neesham,mneeshamab@dion.ne.jp,Male,159.130.118.15
373,Kirby,Billingham,kbillinghamac@gravatar.com,Female,111.171.243.217
374,Jemima,Frankton,jfranktonad@redcross.org,Female,11.7.182.66
375,Jany,Widdicombe,jwiddicombeae@qq.com,Female,127.33.174.168
376,Jeni,Yushin,jyushinaf@cbsnews.com,Female,40.97.5.38
377,Doti,Balcock,dbalcockag@flavors.me,Female,124.156.216.221
378,Ainslee,Borthe,abortheah@chron.com,Female,92.185.255.164
379,Keefer,Emig,kemigai@tumblr.com,Male,215.145.13.198
380,Farra,Crissil,fcrissilaj@upenn.edu,Female,193.220.84.212
381,Reidar,Nisbet,rnisbetak@hexun.com,Male,20.106.144.10
382,Corny,Gamlyn,cgamlynal@mlb.com,Male,162.126.251.205
383,Micah,Schoenfisch,mschoenfischam@toplist.cz,Male,158.143.141.245
384,Eadie,Hanlon,ehanlonan@pcworld.com,Female,195.164.138.127
385,Brand,Dance,bdanceao@bizjournals.com,Male,163.23.17.161
386,Reynard,Delves,rdelvesap@google.com.hk,Male,174.217.194.63
387,Nahum,Mariolle,nmariolleaq@youtu.be,Male,130.188.68.75
388,Andeee,Landrieu,alandrieuar@addthis.com,Female,246.13.179.145
389,Danita,Hannent,dhannentas@dedecms.com,Female,179.224.225.90
390,Millisent,Youtead,myouteadat@ameblo.jp,Female,170.233.56.66
391,Stillman,Dalrymple,sdalrympleau@auda.org.au,Male,123.76.255.205
392,Nance,Merrifield,nmerrifieldav@apple.com,Female,225.203.201.103
393,Walt,Trays,wtraysaw@oaic.gov.au,Male,193.68.252.253
394,Lyle,Gerant,lgerantax@4shared.com,Male,17.2.103.163
395,Rosanna,Collyer,rcollyeray@omniture.com,Female,145.175.69.34
396,Kellsie,Goddert.sf,kgoddertsfaz@storify.com,Female,182.114.48.130
397,Zollie,Sackler,zsacklerb0@wunderground.com,Male,44.204.164.206
398,Kinsley,Espinha,kespinhab1@theguardian.com,Male,199.197.178.192
399,Silvana,Esherwood,sesherwoodb2@geocities.jp,Female,40.225.208.166
400,Cassi,Petrakov,cpetrakovb3@eepurl.com,Female,212.41.69.48
401,Willis,Emanuelov,wemanuelovb4@jalbum.net,Male,153.58.144.244
402,Sloan,Hanlin,shanlinb5@nydailynews.com,Male,239.216.174.248
403,Tamqrah,Crosher,tcrosherb6@chron.com,Female,244.12.131.151
404,Corrinne,Bortoli,cbortolib7@angelfire.com,Female,62.1.114.12
405,Miller,Buzek,mbuzekb8@nyu.edu,Male,122.97.11.68
406,Jenine,Prinn,jprinnb9@plala.or.jp,Female,152.199.43.55
407,Karil,Pottery,kpotteryba@patch.com,Female,242.144.23.97
408,Alidia,Romer,aromerbb@typepad.com,Female,40.136.249.85
409,Frasquito,Stansfield,fstansfieldbc@ask.com,Male,10.210.209.73
410,Stacy,Nix,snixbd@linkedin.com,Male,10.42.252.49
411,Carine,Abelwhite,cabelwhitebe@1688.com,Female,38.108.152.37
412,Archibaldo,Averill,aaverillbf@wikimedia.org,Male,96.117.77.133
413,Melvin,Cranny,mcrannybg@cbsnews.com,Male,129.222.249.91
414,Reggi,Philbrick,rphilbrickbh@virginia.edu,Female,211.136.135.168
415,Annabelle,Giblin,agiblinbi@cmu.edu,Female,228.206.219.60
416,Linc,Piniur,lpiniurbj@devhub.com,Male,121.99.252.145
417,Tyne,Prandin,tprandinbk@digg.com,Female,38.198.90.200
418,Jessa,Castelli,jcastellibl@nba.com,Female,232.132.97.218
419,Aile,Raeside,araesidebm@noaa.gov,Female,99.45.106.66
420,Kennith,Voden,kvodenbn@posterous.com,Male,92.26.55.62
421,Norine,Rosas,nrosasbo@npr.org,Female,216.5.229.27
422,Vale,Bartkiewicz,vbartkiewiczbp@biglobe.ne.jp,Male,158.248.42.207
423,Herb,Bebis,hbebisbq@google.nl,Male,151.113.25.82
424,Barbie,Dowson,bdowsonbr@dell.com,Female,98.53.103.82
425,Sonnnie,Dossetter,sdossetterbs@redcross.org,Female,90.130.252.200
426,Zabrina,Hasard,zhasardbt@usgs.gov,Female,6.72.31.36
427,Mortie,Sandbrook,msandbrookbu@ehow.com,Male,235.203.33.207
428,Susanetta,Mitie,smitiebv@comcast.net,Female,180.182.2.117
429,Harvey,Souch,hsouchbw@tuttocitta.it,Male,245.48.131.241
430,Anderson,Zanettini,azanettinibx@apple.com,Male,123.5.241.153
431,Sherm,Pantridge,spantridgeby@google.com.au,Male,29.9.68.247
432,Kimball,Greening,kgreeningbz@deviantart.com,Male,43.155.203.84
433,Dyanne,Guitel,dguitelc0@telegraph.co.uk,Female,38.73.142.106
434,Danika,Cardozo,dcardozoc1@slate.com,Female,110.61.252.217
435,Sheilakathryn,Manis,smanisc2@ebay.co.uk,Female,62.164.43.143
436,Regen,Marriner,rmarrinerc3@ihg.com,Male,217.132.228.26
437,Paolo,Qualtrough,pqualtroughc4@nasa.gov,Male,91.105.40.113
438,Kaleena,Gallie,kgalliec5@usnews.com,Female,253.48.211.158
439,Bree,Elan,belanc6@europa.eu,Female,221.175.91.191
440,Rossy,Trye,rtryec7@symantec.com,Male,170.25.106.27
441,Allyson,Denkin,adenkinc8@cnbc.com,Female,52.150.63.16
442,Ram,Einchcombe,reinchcombec9@acquirethisname.com,Male,40.251.158.22
443,El,Jankiewicz,ejankiewiczca@flickr.com,Male,37.161.134.160
444,Desdemona,Blunsden,dblunsdencb@nytimes.com,Female,132.207.249.231
445,Fanechka,Ege,fegecc@linkedin.com,Female,148.111.106.192
446,Gertruda,Simants,gsimantscd@sakura.ne.jp,Female,246.142.93.62
447,Ronalda,Darnborough,rdarnboroughce@linkedin.com,Female,228.86.20.239
448,Chas,Docharty,cdochartycf@wisc.edu,Male,92.204.188.124
449,Sly,Earle,searlecg@plala.or.jp,Male,124.105.99.246
450,Rodd,Bemrose,rbemrosech@arstechnica.com,Male,212.125.96.105
451,Townsend,Swane,tswaneci@dell.com,Male,70.24.18.123
452,Johnna,Detoile,jdetoilecj@wikispaces.com,Female,92.18.22.235
453,Cinderella,Tonner,ctonnerck@state.gov,Female,64.133.130.73
454,Karita,Laroux,klarouxcl@ed.gov,Female,41.3.29.219
455,Fletch,Binden,fbindencm@pcworld.com,Male,89.23.73.96
456,Jerome,Vicarey,jvicareycn@cnn.com,Male,5.10.246.15
457,Verne,Rubbert,vrubbertco@cisco.com,Male,92.115.216.66
458,Saxe,Fountain,sfountaincp@hexun.com,Male,173.202.232.207
459,Vivyanne,Calcut,vcalcutcq@posterous.com,Female,165.121.139.136
460,Freddie,Weatherhogg,fweatherhoggcr@state.gov,Female,129.151.135.43
461,Arlinda,Litchfield,alitchfieldcs@tuttocitta.it,Female,32.121.186.21
462,Pearce,Cashford,pcashfordct@hostgator.com,Male,30.9.102.161
463,Dre,Sinderson,dsindersoncu@fastcompany.com,Female,175.60.129.61
464,Riccardo,Bettaney,rbettaneycv@domainmarket.com,Male,85.9.252.223
465,Joel,Frankis,jfrankiscw@acquirethisname.com,Male,158.205.164.70
466,Erskine,Bundock,ebundockcx@clickbank.net,Male,170.213.134.178
467,Adelaide,Getcliff,agetcliffcy@patch.com,Female,145.24.66.235
468,Corella,Heinsh,cheinshcz@mediafire.com,Female,4.202.139.132
469,Miguela,Ghilks,mghilksd0@g.co,Female,246.108.75.16
470,Putnem,Cavilla,pcavillad1@weebly.com,Male,230.193.134.118
471,Trefor,Phipp,tphippd2@dailymotion.com,Male,215.19.184.115
472,Josephina,Gimert,jgimertd3@discovery.com,Female,144.120.11.252
473,Noell,Cannaway,ncannawayd4@who.int,Female,97.103.137.171
474,Ashlin,Kitchaside,akitchasided5@wikipedia.org,Male,229.40.82.244
475,Reece,Lunbech,rlunbechd6@amazon.com,Male,214.95.2.239
476,Rodd,Raymen,rraymend7@businessinsider.com,Male,142.181.229.212
477,Irita,Mennell,imennelld8@wikimedia.org,Female,33.92.126.124
478,Mayer,Pavis,mpavisd9@ca.gov,Male,244.183.42.16
479,Samaria,Fiddymont,sfiddymontda@msn.com,Female,169.29.169.56
480,Sarina,MacCathay,smaccathaydb@indiatimes.com,Female,24.190.98.203
481,Thaxter,Lucock,tlucockdc@soup.io,Male,96.161.112.17
482,Alexina,Snaddon,asnaddondd@vimeo.com,Female,131.88.116.31
483,Ferrel,Nashe,fnashede@nih.gov,Male,64.31.192.219
484,Raff,Alwood,ralwooddf@photobucket.com,Male,203.44.130.218
485,Claus,Von Helmholtz,cvonhelmholtzdg@google.com,Male,37.131.189.209
486,Hallsy,Capelin,hcapelindh@jugem.jp,Male,202.63.26.180
487,Arne,Foulser,afoulserdi@php.net,Male,226.189.169.101
488,Ryley,Brumwell,rbrumwelldj@cbsnews.com,Male,92.156.209.226
489,Tracie,MacKee,tmackeedk@ibm.com,Female,203.151.125.94
490,Aland,Beagley,abeagleydl@simplemachines.org,Male,76.159.38.13
491,Rora,Lampen,rlampendm@upenn.edu,Female,159.113.28.46
492,Derward,Nice,dnicedn@facebook.com,Male,245.168.126.3
493,Ophelia,Penticost,openticostdo@uiuc.edu,Female,117.22.198.101
494,Lindi,Anscott,lanscottdp@joomla.org,Female,34.201.4.206
495,Loree,Spira,lspiradq@joomla.org,Female,72.66.209.35
496,Joey,Minchell,jminchelldr@technorati.com,Female,189.138.232.210
497,Nettle,Esbrook,nesbrookds@barnesandnoble.com,Female,236.3.149.34
498,Theadora,Soper,tsoperdt@biblegateway.com,Female,199.31.141.17
499,Butch,Truse,btrusedu@slate.com,Male,143.229.92.103
500,Iver,Ragborne,iragbornedv@whitehouse.gov,Male,44.79.51.218
501,Emmalee,Gaunson,egaunsondw@twitter.com,Female,55.57.97.185
502,Carlin,Agett,cagettdx@howstuffworks.com,Male,61.16.162.92
503,Egan,Lodeke,elodekedy@yale.edu,Male,84.20.8.100
504,Hercules,Owtram,howtramdz@tuttocitta.it,Male,239.170.216.154
505,Katerine,Bulch,kbulche0@technorati.com,Female,160.101.182.106
506,Patrica,Matthewes,pmatthewese1@deliciousdays.com,Female,140.173.78.211
507,Car,Eliff,celiffe2@github.io,Male,221.81.131.235
508,Kelly,Jansens,kjansense3@dropbox.com,Male,108.181.177.97
509,Thornton,Durrans,tdurranse4@alibaba.com,Male,24.26.155.188
510,Sorcha,Kellert,skellerte5@cnet.com,Female,152.93.226.206
511,Stevana,Govinlock,sgovinlocke6@arstechnica.com,Female,74.26.154.218
512,Cecile,Scritch,cscritche7@cdc.gov,Female,188.55.186.99
513,Tadeas,Rae,traee8@deviantart.com,Male,38.136.233.48
514,Patrizio,Empleton,pempletone9@prlog.org,Male,111.95.93.25
515,Godiva,Heinzler,gheinzlerea@mysql.com,Female,194.243.153.235
516,Cristin,Ansley,cansleyeb@plala.or.jp,Female,210.19.136.237
517,Dwight,Elgee,delgeeec@irs.gov,Male,148.232.93.213
518,Keary,Pyrah,kpyrahed@seesaa.net,Male,156.119.178.167
519,Lizzie,Semens,lsemensee@techcrunch.com,Female,116.8.59.2
520,Kiley,Frusher,kfrusheref@cnbc.com,Male,236.164.233.137
521,Claire,Jeune,cjeuneeg@behance.net,Female,37.228.101.151
522,Dacy,Parlot,dparloteh@amazon.com,Female,41.29.87.197
523,Jillayne,Killner,jkillnerei@wiley.com,Female,105.70.193.221
524,Alair,Shergold,ashergoldej@slideshare.net,Male,40.143.134.68
525,Craggie,Rolfe,crolfeek@vimeo.com,Male,81.246.239.141
526,Norma,Prazer,nprazerel@vk.com,Female,111.169.214.161
527,Shannon,Aristide,saristideem@unblog.fr,Female,235.91.117.143
528,Hamid,Muscat,hmuscaten@addtoany.com,Male,25.184.216.163
529,Clemens,Kenshole,ckensholeeo@va.gov,Male,96.252.161.114
530,Coletta,Shoebotham,cshoebothamep@nhs.uk,Female,42.121.179.73
531,Arlena,Saturley,asaturleyeq@symantec.com,Female,43.17.182.196
532,Kendre,Tiernan,ktiernaner@cornell.edu,Female,18.132.191.70
533,Rudd,Lally,rlallyes@apple.com,Male,65.96.220.215
534,Siusan,Stapleton,sstapletonet@china.com.cn,Female,168.140.138.150
535,Ibbie,Finessy,ifinessyeu@vinaora.com,Female,106.95.201.57
536,Tersina,Marchment,tmarchmentev@qq.com,Female,78.177.116.87
537,Batsheva,Hastilow,bhastilowew@desdev.cn,Female,214.31.115.229
538,Neron,Asbrey,nasbreyex@amazon.co.uk,Male,160.132.109.119
539,Evelina,Yakhin,eyakhiney@mapy.cz,Female,203.135.92.2
540,Drucy,Bertrand,dbertrandez@google.co.uk,Female,13.0.110.100
541,Glyn,Brailey,gbraileyf0@goo.ne.jp,Male,154.243.180.17
542,Shelden,Davidovicz,sdavidoviczf1@fema.gov,Male,81.0.67.220
543,Tucker,Murden,tmurdenf2@mayoclinic.com,Male,37.1.59.39
544,Izak,Leate,ileatef3@timesonline.co.uk,Male,230.50.220.26
545,Beryl,Ekkel,bekkelf4@shareasale.com,Female,33.122.121.170
546,Susannah,Parlor,sparlorf5@aol.com,Female,59.244.71.192
547,Tomkin,Turfin,tturfinf6@berkeley.edu,Male,91.181.48.121
548,Ozzie,Boyland,oboylandf7@nationalgeographic.com,Male,190.179.175.152
549,Miof mela,Littlefield,mlittlefieldf8@gnu.org,Female,6.149.97.253
550,Jillane,Jeschner,jjeschnerf9@privacy.gov.au,Female,93.68.246.181
551,Drud,Semaine,dsemainefa@discovery.com,Male,221.202.83.6
552,Mariya,Shakshaft,mshakshaftfb@altervista.org,Female,127.56.136.13
553,Osbourne,Minichillo,ominichillofc@oaic.gov.au,Male,98.90.107.55
554,Kevan,Cantero,kcanterofd@chronoengine.com,Male,171.111.248.106
555,Morganica,Flatt,mflattfe@reuters.com,Female,112.61.124.152
556,Sanderson,Thonason,sthonasonff@china.com.cn,Male,223.110.239.172
557,Zonnya,Shipley,zshipleyfg@hostgator.com,Female,96.208.236.172
558,Patricia,Spere,psperefh@sina.com.cn,Female,188.164.187.168
559,Carley,Daulton,cdaultonfi@topsy.com,Female,72.155.37.207
560,Juanita,Timbrell,jtimbrellfj@ihg.com,Female,55.220.119.218
561,Jeanelle,Ferrettino,jferrettinofk@accuweather.com,Female,82.218.222.219
562,Shurwood,Ornillos,sornillosfl@ameblo.jp,Male,108.217.66.227
563,Vassili,Shay,vshayfm@ehow.com,Male,79.223.11.216
564,Frasquito,McBride,fmcbridefn@elegantthemes.com,Male,237.165.59.75
565,Bradney,Djurevic,bdjurevicfo@nps.gov,Male,153.91.198.195
566,Artur,Sperring,asperringfp@hud.gov,Male,86.130.118.135
567,Allyn,Stillmann,astillmannfq@ox.ac.uk,Male,239.111.68.191
568,Joleen,Kenelin,jkenelinfr@cnn.com,Female,128.241.243.251
569,Kevin,Edelston,kedelstonfs@independent.co.uk,Male,69.154.238.209
570,Sayers,Kullmann,skullmannft@ezinearticles.com,Male,179.143.0.60
571,Lorita,Prahl,lprahlfu@amazonaws.com,Female,172.170.68.161
572,Lorelei,O' Donohoe,lodonohoefv@github.com,Female,244.91.139.191
573,Conrad,Oki,cokifw@buzzfeed.com,Male,126.38.168.8
574,Purcell,Piperley,ppiperleyfx@apple.com,Male,197.178.38.145
575,Burch,Vousden,bvousdenfy@discuz.net,Male,188.222.128.231
576,Nestor,Mattioli,nmattiolifz@furl.net,Male,197.129.145.244
577,Ad,Papaccio,apapacciog0@unblog.fr,Male,238.86.82.47
578,Darcy,Hexam,dhexamg1@netlog.com,Female,253.35.180.252
579,Annalise,Spurling,aspurlingg2@mysql.com,Female,5.131.75.69
580,Floyd,Ilyukhov,filyukhovg3@parallels.com,Male,210.157.238.8
581,Isabella,Borges,iborgesg4@state.tx.us,Female,244.247.77.76
582,Alexa,Durnell,adurnellg5@reverbnation.com,Female,19.244.40.149
583,Liva,Kopman,lkopmang6@usda.gov,Female,187.7.213.192
584,Bria,Pochon,bpochong7@drupal.org,Female,216.108.179.89
585,Madalena,Matschuk,mmatschukg8@examiner.com,Female,52.110.119.134
586,Guss,Lomis,glomisg9@edublogs.org,Male,80.60.177.106
587,Edithe,Trollope,etrollopega@newsvine.com,Female,164.191.119.85
588,Shellysheldon,Borland,sborlandgb@skype.com,Male,205.252.103.129
589,David,Patrone,dpatronegc@paginegialle.it,Male,176.7.186.180
590,Ardra,Miebes,amiebesgd@mozilla.org,Female,225.177.178.253
591,Terrell,Pozer,tpozerge@e-recht24.de,Male,114.79.215.211
592,Roi,Abrahams,rabrahamsgf@cnbc.com,Male,166.35.223.193
593,Tammie,Attril,tattrilgg@163.com,Female,236.161.138.107
594,Rossy,Stairs,rstairsgh@goo.gl,Male,156.33.212.156
595,Free,Collet,fcolletgi@diigo.com,Male,59.14.145.123
596,Vikki,Waplington,vwaplingtongj@goodreads.com,Female,230.61.83.85
597,Kerwinn,Woolger,kwoolgergk@webeden.co.uk,Male,41.136.161.190
598,Alexina,Ottee,aotteegl@delicious.com,Female,79.142.81.81
599,Nil,Keepence,nkeepencegm@washington.edu,Male,186.62.194.62
600,Walliw,Van Bruggen,wvanbruggengn@bloglovin.com,Female,235.166.247.97
601,Madeline,Roantree,mroantreego@seesaa.net,Female,51.90.191.241
602,Ediva,Tym,etymgp@paypal.com,Female,2.240.64.185
603,Hugues,Stubbington,hstubbingtongq@guardian.co.uk,Male,33.26.25.17
604,Joana,Heap,jheapgr@sphinn.com,Female,164.136.167.253
605,Giavani,Dronsfield,gdronsfieldgs@google.ru,Male,41.98.2.191
606,Erroll,Parlour,eparlourgt@com.com,Male,16.237.141.90
607,Hansiain,Hunnicot,hhunnicotgu@wikia.com,Male,9.23.165.166
608,Alexis,Stoneley,astoneleygv@tumblr.com,Male,126.177.43.239
609,Tome,Tellenbrook,ttellenbrookgw@zdnet.com,Male,94.65.197.6
610,Lucienne,McMyler,lmcmylergx@digg.com,Female,121.168.46.68
611,Faith,Thorneywork,fthorneyworkgy@amazon.co.jp,Female,171.141.14.92
612,Phyllys,Baiss,pbaissgz@opensource.org,Female,251.115.97.189
613,Fulton,Beadham,fbeadhamh0@zdnet.com,Male,19.217.0.241
614,Edsel,Naulls,enaullsh1@buzzfeed.com,Male,139.49.154.243
615,Rossy,Creavan,rcreavanh2@artisteer.com,Male,253.200.8.100
616,Udale,Tzarkov,utzarkovh3@mac.com,Male,157.13.98.189
617,Tam,Lathey,tlatheyh4@t-online.de,Male,142.19.247.29
618,Gerianne,Goford,ggofordh5@mail.ru,Female,140.53.180.31
619,Osbert,Hobell,ohobellh6@ifeng.com,Male,21.198.98.12
620,Sidonia,Huggill,shuggillh7@ox.ac.uk,Female,148.58.110.180
621,Wenda,England,wenglandh8@xrea.com,Female,250.166.126.142
622,Paxton,Rabb,prabbh9@latimes.com,Male,37.225.189.12
623,Zebulen,Duigan,zduiganha@sina.com.cn,Male,137.162.176.14
624,Patin,Antoniewicz,pantoniewiczhb@salon.com,Male,222.136.93.75
625,Thomasine,Haston,thastonhc@imageshack.us,Female,203.16.71.13
626,Reeva,Kenford,rkenfordhd@pagesperso-orange.fr,Female,153.54.22.132
627,Trixi,Laurentino,tlaurentinohe@cnn.com,Female,104.172.153.131
628,Boot,Juett,bjuetthf@vimeo.com,Male,13.127.195.160
629,Robyn,Sherborn,rsherbornhg@netscape.com,Female,151.204.159.80
630,Cookie,Braund,cbraundhh@jiathis.com,Female,213.62.253.165
631,Andie,Willatts,awillattshi@theguardian.com,Female,240.195.136.65
632,Anton,Pluvier,apluvierhj@rakuten.co.jp,Male,182.136.75.36
633,Matthaeus,Lawther,mlawtherhk@nymag.com,Male,241.180.21.27
634,Rad,Yarnley,ryarnleyhl@auda.org.au,Male,24.216.146.233
635,Galen,O'Shavlan,goshavlanhm@earthlink.net,Male,241.60.52.101
636,Tildy,Nutter,tnutterhn@sohu.com,Female,30.226.170.238
637,Malissa,Hurcombe,mhurcombeho@earthlink.net,Female,108.178.77.247
638,Leia,Garshore,lgarshorehp@fema.gov,Female,244.246.197.108
639,Glynda,Raft,grafthq@cam.ac.uk,Female,71.194.88.109
640,Traci,cornhill,tcornhillhr@alexa.com,Female,170.31.134.45
641,Susanne,Malter,smalterhs@si.edu,Female,33.207.229.145
642,Clarke,Myrick,cmyrickht@sbwire.com,Male,154.220.67.228
643,Sutherland,Nijssen,snijssenhu@wsj.com,Male,98.64.153.58
644,Bartholemy,Tammadge,btammadgehv@theatlantic.com,Male,160.82.157.95
645,Colleen,Hankard,chankardhw@statcounter.com,Female,175.109.226.49
646,Wylie,Trusse,wtrussehx@youku.com,Male,149.58.204.201
647,Jule,Loreit,jloreithy@mit.edu,Male,161.3.78.42
648,Karilynn,Alcalde,kalcaldehz@icq.com,Female,2.247.106.105
649,Chrissy,Tuite,ctuitei0@discuz.net,Male,148.235.42.213
650,Waylin,Gasking,wgaskingi1@woothemes.com,Male,89.168.67.86
651,Fionnula,Hallgath,fhallgathi2@gmpg.org,Female,80.213.243.50
652,Jaye,Couve,jcouvei3@miitbeian.gov.cn,Male,248.242.41.56
653,Alphonso,Szymanzyk,aszymanzyki4@nbcnews.com,Male,161.93.151.105
654,Ashlin,Syplus,asyplusi5@lulu.com,Male,11.70.160.231
655,Marya,Jansey,mjanseyi6@newsvine.com,Female,29.138.242.145
656,Leonelle,Robertshaw,lrobertshawi7@discovery.com,Female,58.115.133.167
657,Alexia,Bulfoot,abulfooti8@wsj.com,Female,115.189.149.214
658,Rhianon,Thornber,rthornberi9@1und1.de,Female,2.26.95.11
659,Erwin,Isacsson,eisacssonia@nytimes.com,Male,207.64.84.46
660,Mile,Shinfield,mshinfieldib@plala.or.jp,Male,139.78.134.140
661,Erasmus,Kerby,ekerbyic@cyberchimps.com,Male,187.154.187.202
662,Brant,Paradin,bparadinid@freewebs.com,Male,29.150.40.157
663,Ibrahim,Riguard,iriguardie@cloudflare.com,Male,253.122.100.88
664,Marie-ann,Ashdown,mashdownif@forbes.com,Female,175.163.80.194
665,Jereme,Powner,jpownerig@usgs.gov,Male,128.160.202.74
666,Benoite,Hayzer,bhayzerih@ox.ac.uk,Female,95.124.191.172
667,Tibold,Bagshaw,tbagshawii@chron.com,Male,21.65.100.40
668,Phebe,Connealy,pconnealyij@aboutads.info,Female,255.26.254.118
669,Felicle,Hyde-Chambers,fhydechambersik@theguardian.com,Female,192.113.0.72
670,Monro,Caghan,mcaghanil@behance.net,Male,100.117.230.188
671,Elnore,Ceschini,eceschiniim@google.de,Female,68.19.47.17
672,Guilbert,Manuel,gmanuelin@hexun.com,Male,52.233.33.90
673,Marijn,Hallan,mhallanio@hugedomains.com,Male,188.88.20.133
674,Hersch,Coppock.,hcoppockip@linkedin.com,Male,91.174.105.213
675,Alex,Kovacs,akovacsiq@phoca.cz,Male,74.143.131.148
676,Shawnee,Rowntree,srowntreeir@blogger.com,Female,127.153.89.216
677,Waring,Lumpkin,wlumpkinis@sciencedaily.com,Male,35.127.210.32
678,Marnie,Prisk,mpriskit@ted.com,Female,7.116.22.4
679,Cristen,Doblin,cdobliniu@sciencedaily.com,Female,92.78.209.113
680,Ike,Hollingsby,ihollingsbyiv@usnews.com,Male,122.41.89.21
681,Florry,Jerzykiewicz,fjerzykiewicziw@cdbaby.com,Female,189.108.89.101
682,Duky,Thackwray,dthackwrayix@spotify.com,Male,109.168.126.225
683,Kriste,Henrichsen,khenrichseniy@typepad.com,Female,165.88.74.168
684,Goldy,De Witt,gdewittiz@google.de,Female,155.38.156.181
685,Cleveland,Nind,cnindj0@nytimes.com,Male,240.92.231.119
686,Lance,Cockshutt,lcockshuttj1@harvard.edu,Male,147.35.228.6
687,Tatiania,Mordy,tmordyj2@latimes.com,Female,87.137.232.183
688,Erica,Forbes,eforbesj3@oracle.com,Female,160.46.171.63
689,Northrup,Naden,nnadenj4@ucla.edu,Male,186.207.71.241
690,Elton,Gammage,egammagej5@intel.com,Male,207.133.153.150
691,Oberon,Wellen,owellenj6@cdc.gov,Male,77.207.90.224
692,Ario,McReath,amcreathj7@alibaba.com,Male,234.57.70.90
693,Kelli,Hollingdale,khollingdalej8@google.com,Female,131.0.242.201
694,Jermaine,Troubridge,jtroubridgej9@state.gov,Male,119.133.144.153
695,Hagan,Styles,hstylesja@about.com,Male,109.133.107.211
696,Harwilll,De'Ath,hdeathjb@flickr.com,Male,248.134.157.8
697,Lea,McVitty,lmcvittyjc@g.co,Female,132.217.163.222
698,Imojean,Valente,ivalentejd@rakuten.co.jp,Female,165.218.6.86
699,Fidelia,Hebborn,fhebbornje@vinaora.com,Female,221.130.130.81
700,Bayard,MacRury,bmacruryjf@google.com.br,Male,166.235.91.164
701,Wesley,Cockitt,wcockittjg@behance.net,Male,69.231.116.220
702,April,Spours,aspoursjh@salon.com,Female,99.169.29.199
703,Rosabella,Santino,rsantinoji@slate.com,Female,98.217.99.214
704,Idalia,Pears,ipearsjj@cafepress.com,Female,44.8.231.25
705,Deonne,Sawyer,dsawyerjk@scribd.com,Female,150.99.112.15
706,Skyler,McConnel,smcconneljl@comsenz.com,Male,131.9.182.128
707,Rodolfo,Gozzard,rgozzardjm@youku.com,Male,2.181.107.103
708,Lesley,Meriel,lmerieljn@mlb.com,Female,105.126.107.43
709,Rochella,Bodicam,rbodicamjo@narod.ru,Female,60.68.43.43
710,Arthur,Eisikowitz,aeisikowitzjp@macromedia.com,Male,100.147.123.42
711,Che,McGauhy,cmcgauhyjq@1688.com,Male,42.186.78.11
712,Daren,Donnellan,ddonnellanjr@berkeley.edu,Male,251.231.0.151
713,Reinald,Maughan,rmaughanjs@merriam-webster.com,Male,72.249.10.97
714,Dew,Dudney,ddudneyjt@mediafire.com,Male,126.234.207.186
715,Meris,Duplain,mduplainju@wunderground.com,Female,189.134.157.241
716,Arlena,Rippon,aripponjv@nydailynews.com,Female,120.45.217.71
717,Jeth,Ginnane,jginnanejw@amazon.com,Male,132.249.2.75
718,Bil,Cansfield,bcansfieldjx@com.com,Male,146.30.93.191
719,Effie,Speere,espeerejy@independent.co.uk,Female,150.26.94.152
720,Hewitt,Branson,hbransonjz@posterous.com,Male,24.162.156.183
721,Jenica,De Pero,jdeperok0@google.it,Female,132.82.13.105
722,Tadio,Garret,tgarretk1@tiny.cc,Male,65.57.129.188
723,Anstice,Bramford,abramfordk2@t.co,Female,6.119.44.152
724,Kylen,Cavie,kcaviek3@rediff.com,Female,93.175.179.30
725,Shaina,Boustred,sboustredk4@oakley.com,Female,98.40.209.129
726,Isis,Fomichyov,ifomichyovk5@eventbrite.com,Female,199.141.198.184
727,Lanette,Moncaster,lmoncasterk6@cbsnews.com,Female,132.74.128.179
728,Fons,Girvan,fgirvank7@sphinn.com,Male,187.97.82.169
729,Patty,Horlock,phorlockk8@walmart.com,Female,65.237.127.194
730,Carlynn,Boyd,cboydk9@sfgate.com,Female,253.89.252.10
731,Aarika,Beatson,abeatsonka@mediafire.com,Female,142.176.52.68
732,Colas,Bevan,cbevankb@addtoany.com,Male,226.158.34.98
733,Merissa,Ludy,mludykc@dot.gov,Female,144.137.91.129
734,Sibelle,Emsden,semsdenkd@icq.com,Female,138.95.141.218
735,Haskell,Jessop,hjessopke@so-net.ne.jp,Male,98.59.50.162
736,Celina,Fardy,cfardykf@pagesperso-orange.fr,Female,156.235.34.180
737,Hyacintha,Bisseker,hbissekerkg@yellowbook.com,Female,14.200.103.15
738,Kearney,Markovic,kmarkovickh@google.ru,Male,59.57.90.205
739,Morena,Iskower,miskowerki@mlb.com,Female,101.52.201.231
740,Pepita,Steptow,psteptowkj@flavors.me,Female,56.22.28.79
741,Timmie,Whilde,twhildekk@who.int,Male,70.190.135.32
742,Carolann,Murtell,cmurtellkl@ycombinator.com,Female,72.15.221.173
743,Merle,Basezzi,mbasezzikm@networksolutions.com,Male,70.31.106.17
744,Muriel,Van der Hoeven,mvanderhoevenkn@google.fr,Female,238.245.109.1
745,Thibaut,Lesly,tleslyko@vimeo.com,Male,239.192.54.73
746,Maura,Arthars,martharskp@list-manage.com,Female,119.113.45.40
747,Corty,Van Leijs,cvanleijskq@sciencedaily.com,Male,105.52.246.24
748,Garrard,Maciak,gmaciakkr@ustream.tv,Male,237.18.126.240
749,Thibaud,Harkes,tharkesks@si.edu,Male,24.253.19.201
750,Claudius,Burney,cburneykt@hexun.com,Male,242.175.184.174
751,Hoyt,Patrone,hpatroneku@intel.com,Male,138.242.1.213
752,Issi,Ansteys,iansteyskv@rakuten.co.jp,Female,40.224.194.94
753,Arluene,Di Domenico,adidomenicokw@icq.com,Female,35.85.112.180
754,Gayle,Elliman,gellimankx@fotki.com,Male,182.243.119.147
755,Ryan,Kelemen,rkelemenky@discuz.net,Male,37.53.91.21
756,Bird,Lythgoe,blythgoekz@wunderground.com,Female,202.99.12.142
757,Eolanda,Summerlie,esummerliel0@china.com.cn,Female,232.30.245.117
758,Erny,Ajean,eajeanl1@sitemeter.com,Male,143.219.63.118
759,Lefty,Gorrick,lgorrickl2@cargocollective.com,Male,25.161.14.180
760,Yevette,Wyldes,ywyldesl3@uol.com.br,Female,169.16.211.242
761,Lamar,Decruse,ldecrusel4@businessweek.com,Male,123.78.25.86
762,Sherill,Cromleholme,scromleholmel5@weibo.com,Female,208.227.92.151
763,Jeddy,Peter,jpeterl6@disqus.com,Male,56.181.124.56
764,Carey,Muckle,cmucklel7@smh.com.au,Female,241.43.153.76
765,Rois,McLoney,rmcloneyl8@spiegel.de,Female,115.191.48.141
766,Ervin,Sabbin,esabbinl9@spotify.com,Male,70.52.73.104
767,Frankie,Syphus,fsyphusla@reuters.com,Male,242.94.219.138
768,Kevan,Buttel,kbuttellb@naver.com,Male,85.252.181.200
769,Rosalinde,Adamec,radameclc@msn.com,Female,125.203.148.248
770,Lucho,Nutman,lnutmanld@hc360.com,Male,209.222.79.156
771,Chicky,Rubenovic,crubenovicle@privacy.gov.au,Female,140.1.183.37
772,Konrad,Deener,kdeenerlf@cbslocal.com,Male,19.88.112.143
773,Hayward,Glasbey,hglasbeylg@issuu.com,Male,238.240.208.81
774,Reine,Chalfant,rchalfantlh@addtoany.com,Female,34.64.241.34
775,Leeanne,McMillan,lmcmillanli@about.com,Female,10.103.81.251
776,Madelin,Fasham,mfashamlj@nbcnews.com,Female,188.160.40.176
777,Jamaal,Fetherston,jfetherstonlk@apple.com,Male,197.121.8.181
778,Willey,Petersen,wpetersenll@paypal.com,Male,42.4.176.199
779,Clarice,Slide,cslidelm@ameblo.jp,Female,97.46.225.16
780,Webb,Pinkard,wpinkardln@hubpages.com,Male,169.8.16.173
781,Phelia,Lestrange,plestrangelo@hp.com,Female,84.180.50.165
782,Joeann,Clift,jcliftlp@umich.edu,Female,185.246.56.65
783,Heda,Laing,hlainglq@blogspot.com,Female,187.151.121.211
784,Quentin,Giacopetti,qgiacopettilr@gravatar.com,Male,11.203.92.250
785,Charles,Nuzzi,cnuzzils@microsoft.com,Male,1.160.43.209
786,Gaye,Sweating,gsweatinglt@delicious.com,Female,141.190.210.202
787,Danni,de Nore,ddenorelu@dell.com,Female,104.220.37.147
788,Janifer,Meharry,jmeharrylv@twitpic.com,Female,169.175.171.65
789,Quinn,Causby,qcausbylw@yolasite.com,Male,131.8.168.121
790,Gan,Brodbin,gbrodbinlx@zimbio.com,Male,73.120.254.81
791,Red,Joseff,rjoseffly@mapy.cz,Male,213.115.231.251
792,Tani,Gerhardt,tgerhardtlz@meetup.com,Female,9.26.206.115
793,Gun,Clemenson,gclemensonm0@guardian.co.uk,Male,28.179.63.144
794,Almire,Dufore,aduforem1@cnet.com,Female,26.150.185.169
795,Chase,Trayton,ctraytonm2@japanpost.jp,Male,61.32.206.216
796,Melody,Khoter,mkhoterm3@mysql.com,Female,94.146.245.62
797,Renee,Drepp,rdreppm4@reference.com,Female,61.188.7.101
798,Merle,Sawdy,msawdym5@weather.com,Female,74.33.251.119
799,Brien,Vickerstaff,bvickerstaffm6@reuters.com,Male,18.96.157.77
800,Lexi,Cheyney,lcheyneym7@economist.com,Female,173.193.89.70
801,Griz,Lashbrook,glashbrookm8@csmonitor.com,Male,14.4.191.165
802,Blinny,Enrich,benrichm9@de.vu,Female,125.169.212.203
803,Christoforo,Sailor,csailorma@dell.com,Male,105.41.31.123
804,Deni,Weedon,dweedonmb@example.com,Female,66.37.191.206
805,Nicolais,Chapell,nchapellmc@businessinsider.com,Male,77.230.70.138
806,Devy,Death,ddeathmd@rediff.com,Male,124.195.202.38
807,Opalina,Tinson,otinsonme@who.int,Female,120.100.44.122
808,Shoshana,Armell,sarmellmf@unesco.org,Female,134.139.179.144
809,Roberto,Shirt,rshirtmg@ucsd.edu,Male,94.22.178.212
810,Guenna,Laxe,glaxemh@purevolume.com,Female,198.253.185.215
811,Corissa,Delafont,cdelafontmi@yellowpages.com,Female,75.36.253.159
812,Ashleigh,Tinmouth,atinmouthmj@blogtalkradio.com,Female,150.183.93.254
813,Lou,Hammand,lhammandmk@histats.com,Male,3.165.207.200
814,Francisco,Gloucester,fgloucesterml@so-net.ne.jp,Male,24.197.237.29
815,Rosana,Peyro,rpeyromm@yolasite.com,Female,16.44.69.251
816,Cordy,Boanas,cboanasmn@independent.co.uk,Male,33.27.169.151
817,Tann,Camelli,tcamellimo@naver.com,Male,111.211.155.58
818,Giralda,Yosevitz,gyosevitzmp@dagondesign.com,Female,237.207.170.114
819,Enrique,Kershow,ekershowmq@oaic.gov.au,Male,36.155.8.87
820,Ellette,Catterick,ecatterickmr@domainmarket.com,Female,64.126.79.163
821,Quinn,Wellesley,qwellesleyms@dailymail.co.uk,Male,227.185.86.211
822,Alleen,Powder,apowdermt@cam.ac.uk,Female,24.201.47.138
823,Gwynne,Gladden,ggladdenmu@mediafire.com,Female,120.28.8.151
824,Ced,Champkin,cchampkinmv@mtv.com,Male,15.151.216.90
825,Daile,Crich,dcrichmw@slate.com,Female,220.220.39.122
826,Marika,Dunks,mdunksmx@sbwire.com,Female,220.226.64.10
827,Peyter,Tunaclift,ptunacliftmy@usgs.gov,Male,243.199.147.20
828,Valaree,Millson,vmillsonmz@dell.com,Female,74.88.246.60
829,Tiffany,McLuckie,tmcluckien0@ihg.com,Female,215.214.207.50
830,Puff,Swedeland,pswedelandn1@deviantart.com,Male,212.215.50.102
831,Shela,Weatherby,sweatherbyn2@rediff.com,Female,91.196.239.49
832,Dwain,Dipple,ddipplen3@reuters.com,Male,202.51.1.70
833,Abbi,Khadir,akhadirn4@123-reg.co.uk,Female,40.232.10.61
834,Sher,Eberle,seberlen5@instagram.com,Female,91.145.140.163
835,Bertrando,Deathridge,bdeathridgen6@gizmodo.com,Male,126.72.69.81
836,Giraldo,Verty,gvertyn7@home.pl,Male,236.129.38.121
837,Lucienne,Piccop,lpiccopn8@lulu.com,Female,41.20.181.182
838,Zeb,Kennington,zkenningtonn9@flavors.me,Male,27.191.8.235
839,Sigfried,Fransson,sfranssonna@slashdot.org,Male,42.237.17.173
840,Dalia,O'Geneay,dogeneaynb@quantcast.com,Female,134.217.50.61
841,Abrahan,Dawtry,adawtrync@guardian.co.uk,Male,58.224.246.26
842,Ly,Antushev,lantushevnd@nhs.uk,Male,77.39.34.48
843,Garreth,Duckwith,gduckwithne@google.co.uk,Male,89.45.6.94
844,Benedicta,Aggus,baggusnf@oaic.gov.au,Female,106.91.87.87
845,Deeann,Bateup,dbateupng@ifeng.com,Female,6.134.136.127
846,Joni,Chanson,jchansonnh@irs.gov,Female,180.132.246.145
847,Kristofer,Gierok,kgierokni@ning.com,Male,151.53.79.201
848,Eamon,Halversen,ehalversennj@weebly.com,Male,105.92.182.237
849,Iggie,Grahlmans,igrahlmansnk@jugem.jp,Male,191.132.102.197
850,Goraud,Skaife d'Ingerthorpe,gskaifedingerthorpenl@blogspot.com,Male,232.121.41.203
851,Adi,Cloy,acloynm@nyu.edu,Female,199.156.178.160
852,Willabella,Danilewicz,wdanilewicznn@patch.com,Female,216.148.249.133
853,Geoffrey,Kyncl,gkynclno@edublogs.org,Male,83.42.111.255
854,Jehanna,Basterfield,jbasterfieldnp@usnews.com,Female,5.189.18.90
855,Kimberli,Harsum,kharsumnq@linkedin.com,Female,124.175.39.127
856,Merlina,Bodham,mbodhamnr@omniture.com,Female,229.91.139.130
857,Bron,Sherborne,bsherbornens@economist.com,Male,50.178.80.93
858,Ginni,Driscoll,gdriscollnt@jiathis.com,Female,124.218.202.41
859,Dunc,Rallings,drallingsnu@ustream.tv,Male,215.149.245.204
860,Sidonnie,Cartmale,scartmalenv@shareasale.com,Female,64.248.228.36
861,Waverley,O'Currigan,wocurrigannw@cdbaby.com,Male,18.219.236.187
862,Harlie,Trueman,htruemannx@si.edu,Female,83.43.83.99
863,Milka,Neillans,mneillansny@miitbeian.gov.cn,Female,166.125.106.116
864,Taddeusz,Treadgear,ttreadgearnz@cnbc.com,Male,131.176.86.14
865,Jillana,Leaney,jleaneyo0@google.com,Female,153.111.174.65
866,Dionysus,Comfort,dcomforto1@shop-pro.jp,Male,92.76.233.251
867,Lorenzo,Blissett,lblissetto2@de.vu,Male,51.120.66.188
868,Feliks,McGinnell,fmcginnello3@e-recht24.de,Male,186.243.15.204
869,Scarlet,Short,sshorto4@zimbio.com,Female,239.183.7.134
870,Quinn,Adolfson,qadolfsono5@jugem.jp,Male,163.75.193.29
871,Pennie,Canelas,pcanelaso6@themeforest.net,Female,24.45.49.250
872,Townie,Burbidge,tburbidgeo7@cbslocal.com,Male,189.20.166.213
873,Ricki,Berriball,rberriballo8@kickstarter.com,Female,23.85.40.119
874,Hunt,Stainfield,hstainfieldo9@phpbb.com,Male,229.174.9.252
875,Xenos,Klus,xklusoa@aboutads.info,Male,67.178.178.202
876,Garald,Botcherby,gbotcherbyob@gravatar.com,Male,163.139.114.85
877,Russell,Ogborne,rogborneoc@nps.gov,Male,101.163.89.81
878,Marjie,Gaytor,mgaytorod@jiathis.com,Female,134.5.187.171
879,Olivero,Chedzoy,ochedzoyoe@domainmarket.com,Male,222.42.5.184
880,Frederigo,Twelve,ftwelveof@nature.com,Male,165.217.106.34
881,Shurlocke,Celand,scelandog@thetimes.co.uk,Male,104.72.48.157
882,Christiano,Doman,cdomanoh@weebly.com,Male,200.253.197.147
883,Janelle,Petkovic,jpetkovicoi@mtv.com,Female,17.111.188.108
884,Daron,Sedwick,dsedwickoj@sohu.com,Male,68.210.2.237
885,Dougie,Gairdner,dgairdnerok@noaa.gov,Male,113.2.8.93
886,Mateo,Sarch,msarchol@walmart.com,Male,49.19.57.180
887,Sabra,Ducarne,sducarneom@unc.edu,Female,52.29.65.236
888,Rafaello,Jacob,rjacobon@hhs.gov,Male,251.192.142.195
889,Erroll,Le Fleming,eleflemingoo@delicious.com,Male,207.227.253.14
890,Baird,Bazoche,bbazocheop@chron.com,Male,97.143.121.121
891,Velvet,Moy,vmoyoq@wikipedia.org,Female,124.33.93.57
892,Vittoria,Burrus,vburrusor@arizona.edu,Female,14.26.32.232
893,Evy,Trayes,etrayesos@artisteer.com,Female,60.251.177.167
894,Andrew,Hartley,ahartleyot@elegantthemes.com,Male,224.0.166.236
895,Ingunna,Ogan,ioganou@meetup.com,Female,133.209.170.100
896,Val,Cattow,vcattowov@multiply.com,Female,41.226.204.250
897,Waite,Lomond,wlomondow@imageshack.us,Male,79.58.144.32
898,Hamid,Swatland,hswatlandox@ezinearticles.com,Male,59.237.178.83
899,Giavani,Crommett,gcrommettoy@geocities.jp,Male,214.101.165.37
900,Egor,Bollard,ebollardoz@auda.org.au,Male,178.96.47.10
901,Shaw,Blayd,sblaydp0@microsoft.com,Male,147.210.155.180
902,Berti,Kuhwald,bkuhwaldp1@sogou.com,Male,250.241.129.186
903,Claiborne,Usher,cusherp2@fotki.com,Male,100.251.234.242
904,Gussy,Matthaus,gmatthausp3@intel.com,Female,163.204.175.4
905,Allin,Linch,alinchp4@tumblr.com,Male,99.35.249.189
906,Edd,Budleigh,ebudleighp5@dropbox.com,Male,184.221.14.144
907,Gearalt,Bertwistle,gbertwistlep6@multiply.com,Male,223.98.160.118
908,Neron,Gooley,ngooleyp7@ow.ly,Male,89.22.168.147
909,Shea,Atmore,satmorep8@about.me,Female,188.202.209.148
910,Nessa,Dennant,ndennantp9@hc360.com,Female,113.163.184.144
911,Malia,Kiddye,mkiddyepa@dyndns.org,Female,211.91.233.59
912,Mylo,Gardner,mgardnerpb@dmoz.org,Male,254.84.213.69
913,Kameko,Shorter,kshorterpc@tinypic.com,Female,248.138.183.41
914,Ame,Buttler,abuttlerpd@tiny.cc,Female,22.86.112.21
915,Zack,Brasher,zbrasherpe@google.es,Male,202.72.167.72
916,Martin,Tiley,mtileypf@ed.gov,Male,79.23.241.110
917,Milly,Castilla,mcastillapg@uiuc.edu,Female,95.184.223.135
918,Mano,Runsey,mrunseyph@china.com.cn,Male,41.84.3.236
919,Kristyn,Bellas,kbellaspi@dagondesign.com,Female,160.41.111.142
920,Martita,Brody,mbrodypj@scribd.com,Female,117.61.133.95
921,Caleb,Dugald,cdugaldpk@youtube.com,Male,90.4.177.102
922,Crichton,Mellody,cmellodypl@newsvine.com,Male,175.245.232.242
923,Pepillo,Timny,ptimnypm@pen.io,Male,20.104.199.1
924,Nick,Layburn,nlayburnpn@redcross.org,Male,253.178.132.224
925,Lyon,Lamont,llamontpo@prnewswire.com,Male,56.11.29.244
926,Anna,Garbutt,agarbuttpp@cnbc.com,Female,242.70.54.181
927,Donnajean,Auten,dautenpq@barnesandnoble.com,Female,242.82.101.109
928,Jule,Ximenez,jximenezpr@prnewswire.com,Male,95.222.134.118
929,Barret,Trobe,btrobeps@techcrunch.com,Male,30.220.187.139
930,Thacher,Pashe,tpashept@de.vu,Male,148.192.0.153
931,Shurwood,Klisch,sklischpu@yellowpages.com,Male,17.236.20.48
932,Marlo,Sandercroft,msandercroftpv@ucoz.com,Male,31.227.111.52
933,Maximilian,Alsina,malsinapw@wp.com,Male,99.209.212.214
934,Clayborne,de Werk,cdewerkpx@bandcamp.com,Male,38.171.148.34
935,Cchaddie,Emeline,cemelinepy@auda.org.au,Male,82.89.236.239
936,Quinta,Axelby,qaxelbypz@webnode.com,Female,174.71.186.67
937,Bunni,Cullum,bcullumq0@technorati.com,Female,22.72.242.87
938,Beatrisa,Braam,bbraamq1@apache.org,Female,87.161.18.44
939,Yves,Nussii,ynussiiq2@google.com.au,Male,23.177.236.20
940,Cheryl,Riccard,criccardq3@eventbrite.com,Female,104.155.202.150
941,Parnell,Piggens,ppiggensq4@topsy.com,Male,117.212.242.214
942,Sapphira,Wadwell,swadwellq5@hud.gov,Female,212.102.86.11
943,Casey,Pfeffle,cpfeffleq6@squidoo.com,Female,2.225.200.78
944,Fionnula,Jenoure,fjenoureq7@example.com,Female,244.79.127.219
945,Leoline,Bride,lbrideq8@scientificamerican.com,Female,229.179.60.229
946,Dniren,Marr,dmarrq9@ow.ly,Female,106.91.46.230
947,George,Critchell,gcritchellqa@ibm.com,Male,201.143.143.211
948,Orville,Colegrove,ocolegroveqb@google.ca,Male,65.149.108.81
949,Gweneth,Klaves,gklavesqc@nyu.edu,Female,222.19.37.230
950,Karlik,Scammonden,kscammondenqd@umich.edu,Male,106.211.184.50
951,Lorenzo,Armal,larmalqe@ezinearticles.com,Male,238.79.87.126
952,Delmor,von Nassau,dvonnassauqf@typepad.com,Male,220.165.11.34
953,Elisa,Bellee,ebelleeqg@google.de,Female,118.249.135.158
954,Gonzalo,Thrasher,gthrasherqh@wp.com,Male,188.150.202.152
955,Dawn,Radbone,dradboneqi@joomla.org,Female,113.108.82.94
956,Robinette,Kunneke,rkunnekeqj@google.com.br,Female,60.43.62.184
957,Ingeberg,Brute,ibruteqk@prnewswire.com,Female,191.74.162.87
958,Boot,Knightly,bknightlyql@soup.io,Male,83.165.197.192
959,Chico,Carberry,ccarberryqm@miibeian.gov.cn,Male,202.19.193.45
960,Alonzo,Kobiela,akobielaqn@ning.com,Male,253.105.71.79
961,Allyn,Igglesden,aigglesdenqo@cargocollective.com,Male,125.246.170.159
962,Joly,Van Son,jvansonqp@eventbrite.com,Female,174.79.127.9
963,Wyndham,Stirman,wstirmanqq@shinystat.com,Male,96.191.168.161
964,Tobye,Yvon,tyvonqr@mtv.com,Female,87.22.22.136
965,Tiphanie,Stroton,tstrotonqs@people.com.cn,Female,50.217.35.197
966,Brittni,Tolhurst,btolhurstqt@newyorker.com,Female,18.62.178.39
967,Vivie,Dowyer,vdowyerqu@homestead.com,Female,12.42.64.207
968,Debbie,Jeacop,djeacopqv@bloglovin.com,Female,100.142.133.215
969,Lark,Stirrip,lstirripqw@so-net.ne.jp,Female,39.197.66.152
970,Bertha,Campion,bcampionqx@sfgate.com,Female,154.215.200.149
971,Schuyler,Gisbey,sgisbeyqy@oakley.com,Male,197.91.220.170
972,Parke,Crome,pcromeqz@imgur.com,Male,127.126.204.170
973,Delphine,Shinefield,dshinefieldr0@princeton.edu,Female,207.146.26.209
974,Vyky,Dey,vdeyr1@patch.com,Female,196.118.11.241
975,Vita,MacNeillie,vmacneillier2@ameblo.jp,Female,80.93.241.12
976,Rik,McRory,rmcroryr3@tripadvisor.com,Male,219.210.60.131
977,Nannie,Carratt,ncarrattr4@123-reg.co.uk,Female,119.85.102.203
978,Zach,Swales,zswalesr5@rediff.com,Male,171.216.95.46
979,Fabian,Glendinning,fglendinningr6@nba.com,Male,4.42.10.153
980,Dede,Leacock,dleacockr7@myspace.com,Female,141.77.25.128
981,Rosette,Farmer,rfarmerr8@wikia.com,Female,111.175.117.210
982,Marjorie,MacElharge,mmacelharger9@gmpg.org,Female,27.202.156.178
983,Abbi,Stubley,astubleyra@netvibes.com,Female,201.219.158.70
984,Gerri,Shillito,gshillitorb@home.pl,Female,54.86.112.145
985,Archibaldo,Pear,apearrc@weibo.com,Male,228.110.132.24
986,Alyosha,Pettersen,apettersenrd@mysql.com,Male,236.229.183.197
987,Tammy,Harnott,tharnottre@reddit.com,Male,137.80.93.222
988,Cooper,Wenger,cwengerrf@google.cn,Male,204.126.37.177
989,Josepha,Burnet,jburnetrg@businessinsider.com,Female,248.112.216.11
990,Bobbie,Foulds,bfouldsrh@theglobeandmail.com,Male,85.120.214.208
991,Mitch,McCrackan,mmccrackanri@disqus.com,Male,211.161.183.208
992,Byrle,Sage,bsagerj@mtv.com,Male,10.205.48.11
993,Madalyn,Leyton,mleytonrk@harvard.edu,Female,143.163.206.8
994,Delaney,Burgett,dburgettrl@ustream.tv,Male,255.7.187.44
995,Giselbert,Garratt,ggarrattrm@about.com,Male,205.204.150.138
996,Reynold,Coster,rcosterrn@yale.edu,Male,85.234.210.215
997,Carola,Grigsby,cgrigsbyro@bizjournals.com,Female,173.232.101.248
998,Dianna,Tordiffe,dtordifferp@flickr.com,Female,214.161.211.209
999,Jaclyn,Hiddsley,jhiddsleyrq@hibu.com,Female,238.121.93.209
1000,Godart,Winder,gwinderrr@sbwire.com,Male,112.152.202.248
